id,username,password,is_admin,full_name,email,phone
1,admin,adminpass,1,Admin,admin@example.com,22345678901
2,user2,user2pass,0,User 2,user2@example.com,32345678902
3,user3,user3pass,0,User 3,user3@example.com,42345678903
4,user4,user4pass,0,User 4,user4@example.com,52345678904
5,user5,user5pass,0,User 5,user5@example.com,62345678905
6,user6,user6pass,0,User 6,user6@example.com,72345678906
7,user7,user7pass,0,User 7,user7@example.com,82345678907
8,user8,user8pass,0,User 8,user8@example.com,92345678908
9,user9,user9pass,0,User 9,user9@example.com,102345678909
10,user10,user10pass,0,User 10,user10@example.com,112345678900
11,user11,user11pass,0,User 11,user11@example.com,122345678901
12,user12,user12pass,0,User 12,user12@example.com,132345678902
13,user13,user13pass,0,User 13,user13@example.com,142345678903
14,user14,user14pass,0,User 14,user14@example.com,152345678904
15,user15,user15pass,0,User 15,user15@example.com,162345678905
16,user16,user16pass,0,User 16,user16@example.com,172345678906
17,user17,user17pass,0,User 17,user17@example.com,182345678907
18,user18,user18pass,0,User 18,user18@example.com,192345678908
19,user19,user19pass,0,User 19,user19@example.com,202345678909
20,user20,user20pass,0,User 20,user20@example.com,212345678900
21,user21,user21pass,0,User 21,user21@example.com,222345678901
22,user22,user22pass,0,User 22,user22@example.com,232345678902
23,user23,user23pass,0,User 23,user23@example.com,242345678903
24,user24,user24pass,0,User 24,user24@example.com,252345678904
25,user25,user25pass,0,User 25,user25@example.com,262345678905
26,user26,user26pass,0,User 26,user26@example.com,272345678906
27,user27,user27pass,0,User 27,user27@example.com,282345678907
28,user28,user28pass,0,User 28,user28@example.com,292345678908
29,user29,user29pass,0,User 29,user29@example.com,302345678909
30,user30,user30pass,0,User 30,user30@example.com,312345678900
31,user31,user31pass,0,User 31,user31@example.com,322345678901
32,user32,user32pass,0,User 32,user32@example.com,332345678902
33,user33,user33pass,0,User 33,user33@example.com,342345678903
34,user34,user34pass,0,User 34,user34@example.com,352345678904
35,user35,user35pass,0,User 35,user35@example.com,362345678905
36,user36,user36pass,0,User 36,user36@example.com,372345678906
37,user37,user37pass,0,User 37,user37@example.com,382345678907
38,user38,user38pass,0,User 38,user38@example.com,392345678908
39,user39,user39pass,0,User 39,user39@example.com,402345678909
40,user40,user40pass,0,User 40,user40@example.com,412345678900
41,user41,user41pass,0,User 41,user41@example.com,422345678901
42,user42,user42pass,0,User 42,user42@example.com,432345678902
43,user43,user43pass,0,User 43,user43@example.com,442345678903
44,user44,user44pass,0,User 44,user44@example.com,452345678904
45,user45,user45pass,0,User 45,user45@example.com,462345678905
46,user46,user46pass,0,User 46,user46@example.com,472345678906
47,user47,user47pass,0,User 47,user47@example.com,482345678907
48,user48,user48pass,0,User 48,user48@example.com,492345678908
49,user49,user49pass,0,User 49,user49@example.com,502345678909
50,user50,user50pass,0,User 50,user50@example.com,512345678900
51,user51,user51pass,0,User 51,user51@example.com,522345678901
52,user52,user52pass,0,User 52,user52@example.com,532345678902
53,user53,user53pass,0,User 53,user53@example.com,542345678903
54,user54,user54pass,0,User 54,user54@example.com,552345678904
55,user55,user55pass,0,User 55,user55@example.com,562345678905
56,user56,user56pass,0,User 56,user56@example.com,572345678906
57,user57,user57pass,0,User 57,user57@example.com,582345678907
58,user58,user58pass,0,User 58,user58@example.com,592345678908
59,user59,user59pass,0,User 59,user59@example.com,602345678909
60,user60,user60pass,0,User 60,user60@example.com,612345678900
61,user61,user61pass,0,User 61,user61@example.com,622345678901
62,user62,user62pass,0,User 62,user62@example.com,632345678902
63,user63,user63pass,0,User 63,user63@example.com,642345678903
64,user64,user64pass,0,User 64,user64@example.com,652345678904
65,user65,user65pass,0,User 65,user65@example.com,662345678905
66,user66,user66pass,0,User 66,user66@example.com,672345678906
67,user67,user67pass,0,User 67,user67@example.com,682345678907
68,user68,user68pass,0,User 68,user68@example.com,692345678908
69,user69,user69pass,0,User 69,user69@example.com,702345678909
70,user70,user70pass,0,User 70,user70@example.com,712345678900
71,user71,user71pass,0,User 71,user71@example.com,722345678901
72,user72,user72pass,0,User 72,user72@example.com,732345678902
73,user73,user73pass,0,User 73,user73@example.com,742345678903
74,user74,user74pass,0,User 74,user74@example.com,752345678904
75,user75,user75pass,0,User 75,user75@example.com,762345678905
76,user76,user76pass,0,User 76,user76@example.com,772345678906
77,user77,user77pass,0,User 77,user77@example.com,782345678907
78,user78,user78pass,0,User 78,user78@example.com,792345678908
79,user79,user79pass,0,User 79,user79@example.com,802345678909
80,user80,user80pass,0,User 80,user80@example.com,812345678900
81,user81,user81pass,0,User 81,user81@example.com,822345678901
82,user82,user82pass,0,User 82,user82@example.com,832345678902
83,user83,user83pass,0,User 83,user83@example.com,842345678903
84,user84,user84pass,0,User 84,user84@example.com,852345678904
85,user85,user85pass,0,User 85,user85@example.com,862345678905
86,user86,user86pass,0,User 86,user86@example.com,872345678906
87,user87,user87pass,0,User 87,user87@example.com,882345678907
88,user88,user88pass,0,User 88,user88@example.com,892345678908
89,user89,user89pass,0,User 89,user89@example.com,902345678909
90,user90,user90pass,0,User 90,user90@example.com,912345678900
91,user91,user91pass,0,User 91,user91@example.com,922345678901
92,user92,user92pass,0,User 92,user92@example.com,932345678902
93,user93,user93pass,0,User 93,user93@example.com,942345678903
94,user94,user94pass,0,User 94,user94@example.com,952345678904
95,user95,user95pass,0,User 95,user95@example.com,962345678905
96,user96,user96pass,0,User 96,user96@example.com,972345678906
97,user97,user97pass,0,User 97,user97@example.com,982345678907
98,user98,user98pass,0,User 98,user98@example.com,992345678908
99,user99,user99pass,0,User 99,user99@example.com,1002345678909
100,user100,user100pass,0,User 100,user100@example.com,1012345678900
